{
  "t4": 19.5135469040081,
  "t1": 0.05495268361026456,
  "t2": 0.5824704354300186,
  "t3": 4.989563402171038
}