{"rarity_1":0.5068070781248537,"rarity_3":6.353806774439438,"rarity_2":1.4871446359582066,"rarity_4":21.446480889682768}