{"rarity_1":0.509526420829569,"rarity_3":6.385300534564071,"rarity_2":1.493705649805167,"rarity_4":21.487612538360956}