{"rarity_1":0.5095690288800254,"rarity_3":6.384603108564626,"rarity_2":1.4937387747665944,"rarity_4":21.48634414401476}